--
-- Run the create.sql file before this to create
-- all the tables.
--

SET NAMES 'utf8';
USE Hyacinth;
--
-- Inserting data into table Ambulance
--
INSERT INTO Ambulance(ID, lastMaintenance, totalDistance) VALUES
(1, '2018-01-01 00:00:04', 3),
(2, '2020-08-28 03:13:14', 8725912),
(3, '2018-01-01 00:00:08', 7),
(4, '2019-06-12 19:41:07', 8561606),
(5, '2019-07-07 13:20:04', 1711721),
(6, NULL, 734547),
(7, '2021-03-11 20:03:42', 7017215),
(8, '2018-11-25 05:40:55', 8649095),
(9, '2020-11-22 14:54:40', 7689123),
(10, '2018-09-28 21:38:56', 938980),
(11, '2019-12-12 01:22:41', 638),
(12, '2018-01-01 00:10:39', 3399),
(13, '2018-01-01 00:56:40', 9835408),
(14, '2019-11-03 19:04:14', 65),
(15, '2018-01-01 00:01:06', 414),
(16, '2018-01-01 00:06:55', 7797849),
(17, '2019-09-28 08:56:18', 24),
(18, '2018-01-01 00:00:25', 5724263),
(19, '2019-03-21 06:33:58', 8694944),
(20, '2020-09-22 19:40:11', 3453),
(21, '2018-01-01 00:57:34', 7748),
(22, '2018-01-01 02:09:09', 9947961),
(23, '2018-07-05 02:30:44', 8745),
(24, '2018-01-01 02:25:46', 1364147),
(25, '2019-01-11 01:25:52', 9),
(26, '2018-01-01 00:00:10', 5568205),
(27, '2020-11-18 23:44:22', 4818421),
(28, '2020-08-22 16:40:09', 8530189),
(29, '2019-03-07 20:29:33', 9852833),
(30, '2019-05-16 16:12:09', 7106440),
(31, '2020-11-09 00:55:37', 3),
(32, '2018-01-01 00:00:04', 9316644),
(33, '2018-08-19 02:15:27', 990),
(34, '2018-01-01 00:16:31', 8255099),
(35, '2020-07-10 17:30:30', 149950),
(36, '2019-10-11 04:38:18', 2175555),
(37, '2018-06-10 23:33:07', 6697452),
(38, '2020-06-01 13:18:47', 9714703),
(39, '2020-10-10 12:32:50', 601),
(40, '2018-01-01 00:10:02', 7194),
(41, '2018-01-01 01:59:55', 9496032),
(42, '2021-02-27 10:03:35', 37),
(43, '2018-01-01 00:00:38', 12),
(44, '2018-01-01 00:00:13', 7217165),
(45, NULL, 5544817),
(46, '2020-08-12 06:45:30', 5492468),
(47, NULL, 306),
(48, '2019-07-04 12:12:31', 7734637),
(49, '2020-10-09 12:12:57', 439),
(50, '2018-01-01 00:05:07', 3681773);

--
-- Inserting data into table Diagnostics
--
INSERT INTO Diagnostics(ID, category, name) VALUES
(1, 'ECG', 'Molestiae.'),
(2, 'ECG', 'Eos molestiae.'),
(3, 'Vaccine', 'Est repellat.'),
(4, 'Scan', 'Excepturi et.'),
(5, 'First Aid', 'Laboriosam.'),
(6, 'Surgery', 'Laboriosam.'),
(7, 'Scan', 'Fugit.'),
(8, 'ECG', 'Atque velit.'),
(9, 'Surgery', 'Autem.'),
(10, 'Scan', 'Delectus.'),
(11, 'Scan', 'Omnis in.'),
(12, 'First Aid', 'Sint provident.'),
(13, 'Surgery', 'Vero amet qui.'),
(14, 'Scan', 'Qui illo sequi.'),
(15, 'Vaccine', 'Magni dolore...'),
(16, 'Surgery', 'Rerum sunt.'),
(17, 'Vaccine', 'Ut ipsum.'),
(18, 'Vaccine', 'Officia.'),
(19, 'First Aid', 'Ut iusto.'),
(20, 'Surgery', 'Non.'),
(21, 'ECG', 'Odit deleniti.'),
(22, 'ECG', 'Adipisci in.'),
(23, 'Scan', 'Quam error.'),
(24, 'Surgery', 'Repudiandae.'),
(25, 'First Aid', 'Quasi quisquam.'),
(26, 'ECG', 'Blanditiis...'),
(27, 'Surgery', 'Nobis quo.'),
(28, 'ECG', 'Nulla sed id.'),
(29, 'ECG', 'Dolor.'),
(30, 'Scan', 'Dolores.'),
(31, 'ECG', 'Excepturi amet.'),
(32, 'Vaccine', 'Beatae tenetur.'),
(33, 'First Aid', 'Accusamus.'),
(34, 'First Aid', 'Alias et.'),
(35, 'Scan', 'Blanditiis.'),
(36, 'Surgery', 'Beatae.'),
(37, 'First Aid', 'Est quia.'),
(38, 'Scan', 'Recusandae.'),
(39, 'ECG', 'Velit tempora.'),
(40, 'First Aid', 'Assumenda.'),
(41, 'Scan', 'Quo aut omnis.'),
(42, 'Surgery', 'Architecto qui.'),
(43, 'Surgery', 'Provident.'),
(44, 'Surgery', 'Debitis nam.'),
(45, 'Scan', 'Cum delectus.'),
(46, 'Scan', 'Voluptatibus.'),
(47, 'Surgery', 'Quae veritatis.'),
(48, 'Surgery', 'Amet.'),
(49, 'First Aid', 'Et sed.'),
(50, 'Surgery', 'Quae eius...');

--
-- Inserting data into table Employee
--
INSERT INTO Employee(ID, name, password, phone, email, address, sex, salary) VALUES
(1, 'Abdul Franz', 'MJ/H07xTu2OsQuNZJgrHQA==', '+91 6526359966', 'Sherry_XFranz94@nowhere.com', 'Railway Arch 7', 'Male', 3397522),
(2, 'Dana Bethea', 'LUJLGxAFBZfeAhy8OBPwkw==', '+91 6276875343', 'Nance@nowhere.com', 'Railway Arch 27C', 'Male', 3984551),
(3, 'Jeromy Vanburen', 'pdwGEoMSRw5/BJ46rQFMlw==', '+91 8420416516', 'ShannonAbney@example.com', 'Flats 1-9', 'Male', 1828164),
(4, 'Adan May', 'Q6ozdL7Lb25yWVKxoMBL6g==', '+91 7770548164', 'Celina_Cota428@example.com', 'Suite 94', 'Male', 5806368),
(5, 'Charline Berman', 'oWIYH6vVWOQrJzqE1BwJYQ==', '+91 9055163400', 'Stephens6@example.com', 'Arch 3', 'Male', 3892884),
(6, 'Roosevelt Lloyd', 'J8PzIxVyebBlI8d6mImZ1g==', '+91 8863501623', 'GainesM@nowhere.com', 'Flat 64', 'Male', 341191),
(7, 'Carson Burley', 'xBTVDGItYZox6p4tjt/K4A==', '+91 9445684470', 'Aguirre@example.com', 'Flat 9', 'Male', 1091397),
(8, 'Gabriel Cheatham', 'jGpcljmOgpgW+e5/sxfllw==', '+91 8816502572', 'Tomlinson@nowhere.com', 'Suite 6', 'Male', 585477),
(9, 'Elfrieda Fennell', 'iHWRdNgH+XzOnxeQHfK2cw==', '+91 7375552166', 'Lanny.Boehm592@nowhere.com', 'Railway Arch 91', 'Male', 4128323),
(10, 'Antone Coles', 'UiYX2cz28eSmNL5F3zZcTQ==', '+91 9210631867', 'KylaBoehm@nowhere.com', 'Flat 6', 'Male', 4432160),
(11, 'Adelaida Mcfall', 'VnaAWmWke8MIqDXnN1ElIg==', '+91 7750357597', 'Boyles241@nowhere.com', 'Railway Arch 5', 'Male', 3613662),
(12, 'Annemarie Bess', 'hYmxOxhx5Qh3tXNMbW1dtw==', '+91 8920743961', 'ofyrhsa3820@example.com', 'Suite 72', 'Male', 5453680),
(13, 'Vincenzo Pugh', 'fy7fL6ghvibafwQGwQ/8lw==', '+91 8322458855', 'Foster_Boehm@example.com', 'Railway Arch 8', 'Male', 1371042),
(14, 'Shon Abbott', 'Nf6IBfJAjqm0BIgW3DVWAg==', '+91 8828756077', 'Ken_Cunningham633@example.com', 'Railway Arch 62', 'Male', 3062983),
(15, 'Rickie Gamble', 't+o6mvEj5FjdNd5TAZ1THA==', '+91 6616948625', 'LouanneMoeller@example.com', 'Flats B-D', 'Male', 5303608),
(16, 'Darwin Warden', 'r9ISK1F8bKjdIESOmuspUw==', '+91 8170967291', 'KennethGoodrich@example.com', 'Unit 24-37', 'Male', 5267955),
(17, 'Mario Wilde', 'D47PkLPuidX2N7FYClUUAQ==', '+91 6133695204', 'Merritt296@nowhere.com', 'Flats 1-8', 'Male', 2078984),
(18, 'Wilburn Copeland', 'agxLUhkk/Tucww1VqorMKw==', '+91 8269921508', 'Brower@example.com', 'Arch 9', 'Male', 1619309),
(19, 'Madison Aguirre', 'CWh4nsoG+qVOS1tU7cn5cg==', '+91 7353999498', 'djhpctwf7367@example.com', 'Railway Arch 57', 'Male', 594445),
(20, 'Carmelita Piper', '/MDNLo7V/Req32AqzlYcLQ==', '+91 6979291001', 'Boss219@example.com', 'Railway Arch 1', 'Male', 3619084),
(21, 'Edwin Minor', 'ih2UcRG9z/vRkkm/vIewmg==', '+91 7119908073', 'Ambrose_Milton2@example.com', 'Arch 16', 'Male', 5163556),
(22, 'Delisa Dejesus', 'GWiR6lzWh1CenFJOdlWF4w==', '+91 7806870694', 'Lazaro.G.Fine1@nowhere.com', 'Railway Arch 5', 'Male', 5830293),
(23, 'Alonzo Buckley', 'jXMsqRT2U20O/xbd26/AYg==', '+91 6368042685', 'xppgpca9@example.com', 'Flats 1-7', 'Male', 2174279),
(24, 'Analisa Crowder', '5gFWaYJpSHD3vDZJRicGtA==', '+91 8673971189', 'DylanLittleton@example.com', 'Railway Arch 22A', 'Male', 4560461),
(25, 'Rose Counts', 'gmIbLqDxHDOz0TqgPVlAJQ==', '+91 9204022578', 'Ritter@example.com', 'Flats 2-7', 'Male', 2182116),
(26, 'Adam Burrows', '3t8V/0Oh7JDhYQnuAev0AQ==', '+91 6314842079', 'Evers@example.com', 'Railway Arch 7', 'Male', 2651907),
(27, 'Sanda Mattison', 'qERZSa3Z7pWcS57G1W9L+Q==', '+91 7219545150', 'Beale@nowhere.com', 'Arch 58', 'Male', 404629),
(28, 'Jarrod Crowley', 'C8qcloLZmFzdvZsg06Fq+Q==', '+91 8393339559', 'StevieValerio@example.com', 'Arch 8', 'Male', 1932554),
(29, 'Aide Abrams', 'r5RxcOBxZHC/UecwcAUgnA==', '+91 6487877620', 'Beau_Shipley@example.com', 'Railway Arch 27', 'Male', 3437497),
(30, 'Monroe Castaneda', 'JFkte1hijrzELmlnyWQ32w==', '+91 9293541425', 'GilleyD@example.com', 'Unit 5, Block C', 'Male', 4005081),
(31, 'Dorthey Abernathy', 'wUYUcdhkeCoajceYrr+S6Q==', '+91 7587971912', 'Abreu@example.com', 'Railway Arch 38C', 'Male', 613631),
(32, 'Tomas Acker', '0HdxK+9brlyOGbVU7thT+A==', '+91 8688276969', 'Khan@example.com', 'Arch 24', 'Male', 4189683),
(33, 'Wyatt Blackburn', 'qMBy8QdjUHqqgWGpvp54Vw==', '+91 6692280837', 'JoeCheng@example.com', 'Railway Arch 7', 'Male', 4230510),
(34, 'Alberta Beavers', '7Uz3IXLXfilz2HhFliDDOA==', '+91 9245606083', 'Means34@example.com', 'Railway Arch 9', 'Male', 1369217),
(35, 'Adah Chesser', 'cJrXjgO/1vaCFvvolEM/MA==', '+91 7804187106', 'Nutt@example.com', 'Railway Arch 4', 'Male', 3758703),
(36, 'Major Kimmel', 'l6Z4tltAhF595VVlNKP+xQ==', '+91 8446331972', 'Ada.Newkirk@nowhere.com', 'Railway Arch 65', 'Male', 527829),
(37, 'Abraham Amador', 'NPG8/GR8+ikx9bHnjYAR0g==', '+91 9173944740', 'Crystal.Mcculloch271@example.com', 'Flats 1-8', 'Male', 4112840),
(38, 'Sergio Acosta', 'wUYUcdhkeCoajceYrr+S6Q==', '+91 7663489681', 'MajorCarmona99@example.com', 'Railway Arch 1', 'Male', 3745465),
(39, 'Britt Treadway', 'bI4KAKwxJnm+zVfI0ERpJQ==', '+91 7268063564', 'EloyDorsey66@example.com', 'Railway Arch 5', 'Male', 3048236),
(40, 'Gregory Leeper', 'pGw7VPLJhxzYHa96kySZwA==', '+91 9535727587', 'Valentine.Younger59@example.com', 'Railway Arch 4', 'Male', 3882049),
(41, 'Glynis Valdez', 'RROgb6kmGjuoT3ttBa1CCg==', '+91 6252609934', 'Tajuana_Battaglia271@nowhere.com', 'Arch 30B', 'Male', 5980911),
(42, 'Fairy Obrien', 'Pa8bhfttbPsnCa9H6U3pEg==', '+91 9938665697', 'Dube812@example.com', 'Arch 26', 'Male', 2875465),
(43, 'Daniela Alcorn', 'ECiSLXjmTLR0jxtukZ/y3A==', '+91 6528006076', 'AbeFrazer8@example.com', 'Arch 9', 'Male', 799893),
(44, 'Lenny Alcala', 'XoBRJI6cJiBWnzCn7Z6jmg==', '+91 7454543581', 'HollomanO433@example.com', 'Flats 4-8', 'Male', 5502444),
(45, 'Kamala Abernathy', 'GrJfZZjEMim7CxEBWPkNpQ==', '+91 8009473544', 'SunniAndrus@example.com', 'Railway Arch 3', 'Male', 3747436),
(46, 'Naomi Hibbard', '0Qy2EMBK6VADjClgSENzfw==', '+91 9926254402', 'GlaydsLindsey@example.com', 'Flat 29', 'Male', 3581121),
(47, 'Milford Dodd', 'ArorzvfkZi5YHiQoZ1mtNA==', '+91 9268483832', 'bswcnfxv.snocue@example.com', 'Railway Arch 3', 'Male', 856857),
(48, 'Cindy Shores', 'bBOyi09Fk6X2uHhqlR92PA==', '+91 8203553805', 'DarenWayne@nowhere.com', 'Flats 1-7', 'Male', 2830784),
(49, 'Devin Holiday', 'hCtZdFvZBkKW6y6a8GPPLQ==', '+91 7957426231', 'RickBox7@example.com', 'Unit 21-49', 'Male', 5591433),
(50, 'Jann Navarrete', '9P2MoQMy4rRD09fSPI7RFg==', '+91 6164759754', 'Whyte@example.com', 'Suite 5', 'Male', 5966941);

--
-- Inserting data into table Invoice
--
INSERT INTO Invoice(ID, amount, isPaid) VALUES
(1, 6349573, 1),
(2, 691, 0),
(3, 3729050, 1),
(4, 5117101, 1),
(5, 7417, 1),
(6, 3211933, 0),
(7, 2132185, 1),
(8, 8, 0),
(9, 6943770, 1),
(10, 2113605, 1),
(11, 759, 0),
(12, 3898, 0),
(13, 8621011, 1),
(14, 2758432, 1),
(15, 572, 1),
(16, 1012353, 1),
(17, 5591093, 1),
(18, 8937825, 1),
(19, 497772, 1),
(20, 5278050, 1),
(21, 4420753, 1),
(22, 6761692, 1),
(23, 5205796, 1),
(24, 4343081, 1),
(25, 4752438, 0),
(26, 1619591, 1),
(27, 6631166, 0),
(28, 7784990, 1),
(29, 7149190, 1),
(30, 7660062, 0),
(31, 435, 0),
(32, 9943979, 0),
(33, 6775960, 0),
(34, 6893953, 1),
(35, 1394656, 0),
(36, 5496727, 1),
(37, 6230, 1),
(38, 7465358, 1),
(39, 6407963, 0),
(40, 372, 0),
(41, 1139700, 1),
(42, 1761965, 1),
(43, 3977179, 1),
(44, 2408837, 1),
(45, 37, 0),
(46, 2771313, 1),
(47, 47, 1),
(48, 54800, 0),
(49, 6984, 1),
(50, 7838257, 0);

--
-- Inserting data into table Patient
--
INSERT INTO Patient(ID, name, password, phone, email, address, sex, medicalHistory, marital) VALUES
(1, 'Charmaine Stock', 'aReDlhzEsQhHqRuDdQEq4g==', '+91 9014729523', 'ArnoldG.Ambrose455@e', 'Suite 183 240 Khanna', 'Male', 'Est ut accusantium. Blanditiis minima voluptatibus? At ex omnis! Laborum ut aperiam.\r\nSit aut velit. Autem nostrum dolor! Omnis dolor architecto; dicta provident consequatur.\r\nCulpa sint ipsam. Unde est et;', 1),
(2, 'Matthew Hoffman', 'U9HMRHdAq0EQxabv3BvP8Q==', '+91 6989704164', 'Donohue@example.com', 'Suite 066 22270 Tapa', 'Male', 'Necessitatibus laboriosam vel. In quidem molestiae. Quae odio minus. Sed est quisquam. Aut voluptatem quaerat. Ut quae fugit! Nihil asperiores facilis; necessitatibus dolore obcaecati. Dolorem provident non. Commodi et debitis!\r\n', 1),
(3, 'Jacinta Yanez', 'pjuqszJPYxEfM0nFh6GLYw==', '+91 7688048180', 'ijxgor627@nowhere.co', 'Suite 635 346 Verma ', 'Male', 'Quam neque eaque minus. Repellat ut quibusdam nihil eligendi voluptatem et iste laboriosam.\r\nNon omnis excepturi et in tenetur; iusto ut nisi? Culpa possimus exercitationem. Adipisci dicta eveniet! Dolor sed nihil.', 0),
(4, 'Drew Perry', 'BzsFFjLsbnYYdy8B3xpAAw==', '+91 8689947710', 'Simpson68@example.co', 'Apt. 636 55090 Dwive', 'Male', 'Porro error iste. Voluptatem sed hic. Aperiam sit numquam! Maxime explicabo dignissimos. Voluptatem ut quis...\r\nMagnam voluptatem sint; ut rerum sed. Iste aliquam voluptas; architecto quos ex; aperiam qui at.', 1),
(5, 'Kyoko Adams', 'HHXt6AEfw2ioZulrgB/q1w==', '+91 7504894545', 'Shepard247@example.c', 'Suite 757 6414 Shukl', 'Male', NULL, NULL),
(6, 'Renea Russo', 'tNu6iFoEpFCASKe3O+mMkg==', '+91 8451959534', 'Baum@nowhere.com', 'Apt. 262 54352 Sher ', 'Male', 'Eum voluptatem fuga. Dolores iste ut! Doloremque ratione est. Fugit nihil modi.\r\nEnim similique voluptatem. Sed autem esse; laudantium accusamus tenetur.\r\nAd qui commodi. Blanditiis quasi numquam. Vel vitae unde!', 0),
(7, 'Isidra Kirchner', 'cV4p2szKkFNy9Lj+B6jgkg==', '+91 7140079209', 'StefanySoto784@nowhe', 'Suite 557 293 Anish ', 'Male', NULL, NULL),
(8, 'Donita Huff', '3ipBPaLbFoJ305WO6WZCrg==', '+91 7067111749', 'TommyeBussey@nowhere', 'Suite 792 4237 Siddh', 'Male', 'Ab cumque corporis aut est. Impedit maxime et voluptatem omnis. Et ut laborum! Voluptatem ullam nam quas, quia et soluta quia cumque dolorum. Et consectetur in. Maxime ut ea. Qui dolorem corporis. Est quia repellendus!', 1),
(9, 'Rosendo Lunsford', 'GkmaHmB5G3NChwzaLmuAlg==', '+91 6655643583', 'ddaub3@example.com', 'Suite 049 28831 Gand', 'Male', NULL, 1),
(10, 'Cesar Edge', 'ZfNAimUI/XcOgqbyBmCoGw==', '+91 9103203005', 'LenNaquin948@example', 'Apt. 403 706 Nair Is', 'Male', 'Unde reprehenderit molestiae. Labore dolor suscipit. Non fugiat aliquam. Fuga ad quo.\r\nError dolorum hic. Nesciunt voluptatibus ut! Voluptatem error aut.\r\nAliquid voluptatem sequi. Ea magni nisi. Voluptatum vel ut;', 1),
(11, 'Paul Medeiros', 'jyY6cM0ZzfYMZngNyAWDLw==', '+91 8503569180', 'LeroyWLoomis@nowhere', 'Apt. 808 013 Tandon ', 'Male', 'Reprehenderit quia esse consequatur nostrum. Sunt qui odio voluptatem dignissimos necessitatibus? Sed iusto sed ipsa voluptatem reprehenderit cupiditate numquam aut! Iste consequatur quia. Quasi ullam sed. Corrupti magnam quod. Et.', 1),
(12, 'Theodora Munn', 'y78E/VFF4DaIOzPBA9C7MQ==', '+91 6802155404', 'Hartley@nowhere.com', 'Apt. 287 8655 Tagore', 'Male', NULL, 0),
(13, 'Keenan Gatewood', 'suT2RLpuwV3w1ox4vcY7uQ==', '+91 7575251871', 'Abernathy@nowhere.co', 'Apt. 401 26463 Trive', 'Male', 'Totam rerum est perspiciatis dolore non veniam aliquid. Ducimus odio in? Non omnis ratione.\r\nUllam et veniam. Asperiores molestiae modi! Nisi fuga voluptatem. Veritatis totam temporibus. Quia non debitis. Omnis in ipsam.', 1),
(14, 'Arlyne Wheeler', 'BznQV23Gn78rctoGIAuLRg==', '+91 6620693760', 'Delma.Oconnell@examp', 'Apt. 398 962 Malti P', 'Male', 'Quidem et consequatur. Voluptatum aspernatur sunt. Blanditiis repellat omnis! Rem voluptas voluptatem.\r\nVeritatis fugit aliquam. Alias ex laboriosam. Dolores natus eos! Dolore est vitae? Dolorum quia quisquam. Quia ut quasi.', 0),
(15, 'Alysa Paulson', 'XZobw+Lzq7E3ijk110l18w==', '+91 9782595215', 'Kelley@example.com', 'Apt. 250 6184 Chidaa', 'Male', 'Aliquam eos libero sit et. Consectetur assumenda est! Asperiores et labore. Inventore ex perspiciatis. Iste laboriosam eveniet. Quia veritatis laborum.\r\nVel qui repellendus. Quia ipsam ea? Aut facilis sit. Reprehenderit omnis perspiciatis.', 1),
(16, 'Alton Calloway', '1haczmQGSSy7IMq1rxSziA==', '+91 8573428598', 'CarlCronin@example.c', 'Suite 635 346 Verma ', 'Male', 'Dolorem animi vel. Vel consequuntur enim? Consectetur eos qui. Nesciunt dolore tenetur? Quae voluptatem aut. Alias porro aspernatur. Autem fugiat accusamus. Unde dolorum quis. Iste vero quod.\r\nIusto reprehenderit natus.', 0),
(17, 'Arnoldo Handy', 'dQqGt6W9cPm5YG3751wekQ==', '+91 6521362978', 'Henry.ZAltman@exampl', 'Apt. 403 706 Nair Is', 'Male', 'Inventore dolorum reprehenderit. Quasi enim distinctio. Aut sit illo! Est ut reprehenderit? Quos quo omnis! Quia praesentium in...\r\nOmnis assumenda quis; dolor doloremque ipsum? Explicabo vero ea; error et saepe.', 1),
(18, 'Charlie Sallee', 'xMcvq8V55wmDGP8nBd/v4g==', '+91 8281019569', 'TristanCisneros44@ex', 'Apt. 635 96897 Pilla', 'Male', NULL, NULL),
(19, 'Margit Sales', 'p7Pe6ksXb65ETLiFSu99DQ==', '+91 8494333037', 'Hyman.Creamer@nowher', 'Suite 378 8144 Naval', 'Male', 'Odit voluptatem error fuga voluptate qui quisquam ut assumenda. Culpa cupiditate quidem repellendus eos.\r\nMinus officia quia nobis esse. Ipsam voluptatem delectus rerum harum hic omnis commodi enim. Praesentium magnam et...', 1),
(20, 'Louvenia Evers', 'qwVqBOJWnzhN2VbAkpgdCg==', '+91 7153222267', 'AlfredDuarte9@exampl', 'Apt. 455 827 Khatri ', 'Male', 'Voluptatibus sit a. Et expedita deserunt? Adipisci sed voluptatem. Excepturi aspernatur soluta! Voluptas soluta fugiat? Molestiae iste nobis! Tempora aliquam dolores...\r\nVoluptatem fuga excepturi. Sit quos consequatur. Perspiciatis aut;\r\n', 0),
(21, 'Neda Mcqueen', 'VDxlKAtmxpJXrqAcFUV1Xg==', '+91 6319439982', 'gxyp844@nowhere.com', 'Suite 513 041 Sinha ', 'Male', 'Natus ullam quasi fuga ducimus.\r\nPerspiciatis sunt, rerum perferendis molestiae eum et sapiente porro saepe.\r\nQuaerat ut sed est accusantium culpa delectus est eveniet odio.', 1),
(22, 'Jospeh Story', 'IwQFxT/Z/xHBIf8qarZNRw==', '+91 9991337708', 'Ackerman@example.com', 'Apt. 455 827 Khatri ', 'Male', 'Vitae dolor assumenda eveniet id sit cupiditate excepturi. Aut qui quos ut explicabo sed nihil sit.\r\nExplicabo minima accusantium. Non porro dolor. Impedit eligendi quae; non quo perspiciatis. Cumque asperiores sequi.', 1),
(23, 'Winfred Ornelas', 'oTF3NdVg3M2onUm0zYMFHA==', '+91 7934224190', 'Benitez@example.com', 'Apt. 635 96897 Pilla', 'Male', 'Ratione inventore non sed. Cupiditate rerum ipsam. Eos cumque et. Velit debitis officiis. Et numquam pariatur. Soluta in totam.\r\nMollitia ea consequatur. Non et quasi. Fuga enim voluptatum. Illum illo voluptatem.', 1),
(24, 'Daniel Gates', 's68bPzRMRriodngXqayFuQ==', '+91 9092633624', 'AriannaOjeda8@nowher', 'Apt. 455 827 Khatri ', 'Male', 'Dolores culpa eligendi; illo iste nam? Voluptatem quod ab. Et beatae qui.\r\nSequi et aliquam. Natus aut hic. Autem facilis quisquam. Quia iste et! Suscipit aspernatur error. Dolores ad omnis?\r\n', 1),
(25, 'Abraham Connolly', '9ebN3M0OXwMXLfzn6LXNPg==', '+91 9010375103', 'wqax5623@example.com', 'Suite 557 293 Anish ', 'Male', 'Ea amet aliquam qui et suscipit nulla et aut est. Dolor magnam deleniti; veritatis similique provident.\r\nBeatae nobis quia. Culpa nihil perspiciatis! Magnam iste assumenda. Unde deserunt mollitia. Debitis ut hic.\r\nEum dolorem dolore.', 1),
(26, 'Vivien Fisk', 'tjlL+u8GsSiaGK3RmTZhtw==', '+91 7083027432', 'RolandGerman@example', 'Suite 843 44392 Khat', 'Male', 'Voluptatem blanditiis aliquam quo. Quod labore sit. Sequi vitae aut. Non quis molestiae perferendis voluptatum. Sed repudiandae consectetur dolores nobis et. Libero blanditiis cumque. Aut ipsum quidem!\r\nMollitia fugit doloremque.', 1),
(27, 'Adelaida Isbell', '3UNS2qMEB2W2D8vM5T0gtQ==', '+91 7060993404', 'Rojas@example.com', 'Apt. 448 0779 Patel ', 'Male', 'Aliquam repellat repellendus. Omnis voluptatem rem! Iusto tempora ut. Quisquam eius saepe. Ut facere sapiente. Beatae consequuntur nesciunt.\r\nDoloribus qui non. Consequatur corporis id. Sunt a quia; rem labore ut.', 1),
(28, 'Alden Fincher', 'cSpSvF5/jcPLXeFX27CBUQ==', '+91 8034378388', 'yotoftpj4@example.co', 'Apt. 908 56804 Vasud', 'Male', 'Voluptatibus modi adipisci tempore iste. Sunt sint deserunt modi error! Ut perspiciatis sed nesciunt dolorum non consequatur. Deserunt est officia labore cumque enim dolor omnis possimus magnam! Ratione ut quia.', 1),
(29, 'Garry Deaton', 'jdXz7SnJBkECPkPlszzcug==', '+91 9210850012', 'Allan@example.com', 'Suite 313 4652 Kamla', 'Male', 'Natus ea earum dolorem perspiciatis dignissimos dolor corrupti aliquid. Qui minus quia. Qui sit aut. Laborum sequi autem? Consequuntur adipisci laboriosam. Est cupiditate numquam! Quo sed voluptates? Iste earum non.', 1),
(30, 'Janene Turney', 'Lm8aTKoKBx9t7UMmfjvs5w==', '+91 8070579830', 'Abdul_Alarcon@exampl', 'Apt. 595 30928 Bhadr', 'Male', 'Recusandae sunt vel. Repellat omnis sit. Autem aliquid asperiores! Quas consequatur obcaecati. Dolor ut repellat. Itaque minima ratione! Ullam accusamus nesciunt.\r\nError ea autem; debitis atque est. Nemo obcaecati rem.', 1),
(31, 'Cyndi Mcmillen', 'nXz8PpIXTgP6YGzo3EhrZA==', '+91 9131742824', 'mtdcgowm.gqxl@exampl', 'Apt. 454 554 Shukla ', 'Male', NULL, 0),
(32, 'Jorge Abney', 'XSYZ1d8wzcu2b9PsOgBV1w==', '+91 9226430878', 'Halsey59@example.com', 'Apt. 908 56804 Vasud', 'Male', NULL, 0),
(33, 'Terica Corley', 'Qpan7umNw2/smu4R/2+VCg==', '+91 7845683724', 'Ferraro729@example.c', 'Suite 124 9837 Deeva', 'Male', 'Deleniti harum ut sunt natus. Aspernatur ipsam aut veritatis. Itaque et aperiam aut mollitia at nesciunt neque quia! Rem saepe error. Et necessitatibus hic. Illum tempora nisi! Architecto perspiciatis rerum.', 1),
(34, 'Noel Fulton', 'b047GFEfkke9YuPy4RXC5w==', '+91 7584834170', 'Boothe@example.com', 'Apt. 454 554 Shukla ', 'Male', 'Voluptatibus mollitia officiis. Fugiat libero quidem! Cupiditate impedit inventore. Iure nemo aut. Aut sed ut. Et iste eaque. Natus recusandae optio! Eius repellendus voluptatibus.\r\nEst cumque voluptatem. Voluptatem quis a.', 0),
(35, 'Frederic Rasmussen', 'VpW95iOoLgd6G+J4BSAaaw==', '+91 8380793507', 'Adena_Ellison257@exa', 'Suite 802 155 Naik I', 'Male', 'Eveniet beatae in. Enim unde deleniti? Et soluta omnis! Quaerat consequatur quaerat. Accusantium voluptas est. Omnis iure libero. Dolore voluptas totam. Fugiat culpa at.\r\nUt doloremque velit. Est unde explicabo;', 1),
(36, 'Antoine Adams', 'BIzdg1fueOKsh/CkJdJ6gQ==', '+91 7922308372', 'Tracy@example.com', 'Apt. 595 30928 Bhadr', 'Male', 'Omnis atque recusandae. Non aut doloremque. Debitis et labore. Et nemo consequuntur. Magnam aut consectetur; maxime quo qui. Sed sit at.\r\nEa amet nihil. Et corporis sed; fugit consequatur et.\r\n', 0),
(37, 'Denise Coyle', 'OU08fIsrkPmZo+fcywI1pQ==', '+91 8517214984', 'pxajygbj.gelk@nowher', 'Suite 049 28831 Gand', 'Male', NULL, 0),
(38, 'Stefan Acker', '6K0DHVfdViUoETIktRb38Q==', '+91 6305749722', 'JanieceBurchett@exam', 'Apt. 636 55090 Dwive', 'Male', 'Nulla sit ad. Dolor consectetur ducimus. Sunt praesentium quae. Quis dignissimos autem! Eveniet culpa quia.\r\nDolorum eveniet rerum. Inventore sit natus. Fuga eius et. Sed error necessitatibus. Asperiores distinctio tempora.', 0),
(39, 'Richard Cho', '0JADGT5sdNzFPX9tx7WRHg==', '+91 7410627697', 'Audra_Seifert@nowher', 'Apt. 455 827 Khatri ', 'Male', 'Excepturi dolores expedita. Reprehenderit sit suscipit. Fugit consequuntur voluptatem! Voluptatem voluptas est; voluptatem natus repellat. Explicabo eos alias.\r\nSit error rerum. In laboriosam vero. Sit vero iure.\r\nIste eos sit.', 0),
(40, 'Gary Legg', 'pzTJTW4EbEZn/qV3WMW29g==', '+91 9962339899', 'Norman@example.com', 'Apt. 173 673 Chandra', 'Male', 'Nam eaque ut. At quis et. Temporibus aut omnis; aspernatur adipisci doloribus. Nisi voluptas odit? Quos aperiam iure.\r\nAccusantium porro eos. Veniam officiis laboriosam? Accusantium eius molestiae. Quidem quibusdam rerum.\r\n', 1),
(41, 'Mariko Warfield', 'UZZ0L975g4N8ZIvAiOlfqg==', '+91 6791527981', 'kzjyz4440@example.co', 'Apt. 808 013 Tandon ', 'Male', 'Deleniti iste pariatur voluptate minus natus iure; praesentium accusamus voluptatem.\r\nExplicabo est illo. Aut eaque voluptatem. Quia dolores culpa. Adipisci accusamus numquam. Culpa voluptatem veritatis! Alias atque in. Libero unde qui.', 1),
(42, 'Alfonzo Michel', 'u7WuctirvBt+kUFf78exuw==', '+91 6068196835', 'SuzetteAckerman@nowh', 'Apt. 635 96897 Pilla', 'Male', NULL, NULL),
(43, 'Ginny Acker', 'vLT5SvZpuFdIAeT3c2ELrg==', '+91 6325927274', 'Abbott@example.com', 'Apt. 448 0779 Patel ', 'Male', 'Sed nulla doloribus. Temporibus et maxime! Alias error mollitia. Dicta optio est. Ea accusantium ut. Enim unde non. Quam expedita totam.\r\nVoluptatem ex consequatur. Qui expedita inventore! Reiciendis fugit eum.', 0),
(44, 'Alethia Capps', 'i4TOE3E742Px4RXUkk7FCQ==', '+91 9940800153', 'TommieStack@example.', 'Apt. 649 556 Iyengar', 'Male', 'Accusantium voluptate illum. Dolor numquam voluptatem ea! In recusandae doloribus.\r\nExercitationem est odit. Error dolores dolore. Accusamus nam aut.\r\nDolorum distinctio eligendi; ipsam autem fugit. Ea labore quidem. Quia commodi quam!', 0),
(45, 'Adolph Starr', 'Clad4WuJeLJhfyzigjXW4Q==', '+91 9162268315', 'QuintinHeadley664@ex', 'Apt. 454 554 Shukla ', 'Male', 'Molestias repudiandae beatae. Perferendis maiores rem; minus earum animi. Dolor quam quisquam; qui voluptate cupiditate. Sunt quae eveniet. Voluptatem porro sed! Magni sed vel. Ratione iusto rerum!\r\nQuaerat optio dolore.\r\n', 1),
(46, 'April Calabrese', 'kODoDrEIh1KuqAJ0kWzCLg==', '+91 9391638937', 'Aletha_Archer@exampl', 'Suite 348 75387 Atre', 'Male', 'Atque aut natus pariatur reprehenderit sit molestias voluptas. Est eveniet tempore. Hic et aut; doloremque atque vel. Soluta eligendi beatae. Tempora itaque modi. Provident sit eveniet! Fugit sunt necessitatibus. Eaque vero veniam! Iusto.', 0),
(47, 'Reagan Cousins', 'LsRMF1dd7nZMHPzjEBDtOA==', '+91 6644953229', 'WillettR814@example.', 'Apt. 262 54352 Sher ', 'Male', NULL, NULL),
(48, 'Diana Archibald', 'GhVtCRyJEqbmwlyptcq+wQ==', '+91 7179116696', 'LozanoC24@nowhere.co', 'Apt. 908 56804 Vasud', 'Male', 'Aliquid voluptates assumenda; dolorem dolores quae. Blanditiis inventore in.\r\nAut sit nihil. Veniam eligendi totam; modi distinctio omnis; numquam doloribus eum. Non accusantium molestiae. Voluptatem omnis veritatis! Eius deleniti magni.\r\n', 0),
(49, 'Lakisha Betancourt', '0pK1OOmY7W3+Y03K6sd/Yg==', '+91 9634935111', 'Randell_TBrandt5@exa', 'Apt. 893 2712 Amares', 'Male', 'Debitis atque et rerum omnis et vel aliquam quisquam deserunt; qui eos debitis? Eveniet nisi quia. Sed odit aut? Est velit ut.\r\nEum obcaecati aut. Distinctio sunt dolor. Aliquid quos ut...', 1),
(50, 'Charlena Rasmussen', 'fxWyPnOsHJ2l+E7cov1lrQ==', '+91 6556464329', 'HershelBrent952@nowh', 'Apt. 893 2712 Amares', 'Male', NULL, NULL);

--
-- Inserting data into table Pharmacy
--
INSERT INTO Pharmacy(ID, name, category) VALUES
(1, 'Losasonfast', 'Tranquilizers'),
(2, 'Epihydrovase', 'Oral contraceptives'),
(3, 'Acatravant', 'Hormone replacements'),
(4, 'Rythmoperifen', 'Statins'),
(5, 'Losataino', 'Tranquilizers'),
(6, 'Zapracarpamlol', 'Statins'),
(7, 'Hepaoxevant', 'Statins'),
(8, 'Irilonzol', 'Antibiotics'),
(9, 'Exosilne', 'Antipyretics'),
(10, 'Indathromyne', 'Oral contraceptives'),
(11, 'Intermatec', 'Antibiotics'),
(12, 'Moxisoprocose', 'Antiseptics'),
(13, 'Ecothromyvir', 'Antipyretics'),
(14, 'Iprobutamzon', 'Stimulants'),
(15, 'Konizofen', 'Mood stabilizers'),
(16, 'Aprocarpamrex', 'Tranquilizers'),
(17, 'Calcipuriphane', 'Antibiotics'),
(18, 'Herpehydrodene', 'Mood stabilizers'),
(19, 'Neozonor', 'Mood stabilizers'),
(20, 'Lisipadorm', 'Mood stabilizers'),
(21, 'Levotate', 'Antipyretics'),
(22, 'Zytotazyl', 'Stimulants'),
(23, 'Alloperadene', 'Analgesics'),
(24, 'Prothromynon', 'Stimulants'),
(25, 'Osadrovex', 'Mood stabilizers'),
(26, 'Redusildar', 'Antibiotics'),
(27, 'Dermagophane', 'Antimalarial drugs'),
(28, 'Miniperimuc', 'Antibiotics'),
(29, 'Diperinide', 'Antipyretics'),
(30, 'Acamalam', 'Antiseptics'),
(31, 'Abesidex', 'Stimulants'),
(32, 'Acisopronor', 'Hormone replacements'),
(33, 'Dioxedine', 'Statins'),
(34, 'Acesonnal', 'Tranquilizers'),
(35, 'Adeltradine', 'Hormone replacements'),
(36, 'Enachloridehex', 'Statins'),
(37, 'Halofavase', 'Statins'),
(38, 'Velonadene', 'Antimalarial drugs'),
(39, 'Micopazol', 'Antibiotics'),
(40, 'Noratanque', 'Stimulants'),
(41, 'Micobutamvant', 'Stimulants'),
(42, 'Losatrane', 'Mood stabilizers'),
(43, 'Eryhydrobid', 'Statins'),
(44, 'Metrosiltex', 'Analgesics'),
(45, 'Baynisol', 'Antibiotics'),
(46, 'Metronibid', 'Antiseptics'),
(47, 'Metonaphane', 'Antimalarial drugs'),
(48, 'Polynazol', 'Mood stabilizers'),
(49, 'Dermasoprorex', 'Mood stabilizers'),
(50, 'Simemaban', 'Hormone replacements');

--
-- Inserting data into table Prescription
--
INSERT INTO Prescription(ID, timeStamp) VALUES
(1, '2019-03-12 01:47:34'),
(2, '2018-01-01 00:01:29'),
(3, '2019-03-20 06:32:50'),
(4, '2018-01-01 00:00:54'),
(5, '2019-10-05 01:56:31'),
(6, '2020-08-31 09:25:59'),
(7, '2019-08-28 04:00:45'),
(8, '2018-09-21 00:36:51'),
(9, '2018-09-30 20:03:35'),
(10, '2018-12-29 03:57:28'),
(11, '2020-08-08 10:19:32'),
(12, '2019-12-30 09:39:46'),
(13, '2018-02-04 19:30:12'),
(14, '2020-04-29 08:20:33'),
(15, '2018-12-14 03:11:42'),
(16, '2020-08-10 15:26:47'),
(17, '2018-12-02 21:10:56'),
(18, '2019-11-30 18:49:14'),
(19, '2018-12-03 22:01:01'),
(20, '2019-01-07 18:13:19'),
(21, '2019-09-25 11:43:24'),
(22, '2018-04-10 10:02:13'),
(23, '2018-03-27 07:19:38'),
(24, '2018-09-16 08:54:29'),
(25, '2020-02-03 15:35:54'),
(26, '2021-03-04 11:50:28'),
(27, '2018-01-01 00:00:04'),
(28, '2018-10-14 10:53:42'),
(29, '2018-01-01 00:21:08'),
(30, '2018-09-09 22:19:46'),
(31, '2020-05-26 02:13:18'),
(32, '2019-03-22 23:45:52'),
(33, '2018-01-01 00:00:07'),
(34, '2020-09-15 18:34:04'),
(35, '2019-10-06 05:07:23'),
(36, '2020-09-01 13:14:32'),
(37, '2018-01-01 01:46:37'),
(38, '2018-01-01 00:08:53'),
(39, '2020-10-21 13:44:59'),
(40, '2018-01-01 00:00:09'),
(41, '2019-02-20 18:12:47'),
(42, '2020-04-12 04:00:02'),
(43, '2018-01-01 00:51:57'),
(44, '2020-07-05 08:47:47'),
(45, '2021-02-20 12:55:03'),
(46, '2020-02-11 21:57:45'),
(47, '2018-08-15 04:37:23'),
(48, '2020-05-24 14:40:23'),
(49, '2019-06-30 21:10:00'),
(50, '2019-09-17 23:46:53');

--
-- Inserting data into table Vendor
--
INSERT INTO Vendor(ID, name, phone, address, email) VALUES
(1, 'South X-Mobile Group', '+91 7663103413', '4-7 Effra Road, Newbiggin, Inverness-shire BR8 3JV', 'Rayford917@example.c'),
(2, 'First High-Technologies Group', '+91 9721513259', '2 Sing Way, Ormskirk, Oxfordshire WA55 2PP', 'BeverlyAshton4@nowhe'),
(3, 'Professional High-Technologies Corporation', '+91 6009175946', '3-8 Aynhoe Road, Malpas, Angus KY2 5FN', 'vmjm2541@example.com'),
(4, 'American Space Explore Corp.', '+91 6540293773', '35-19 Glenhill Close, Abbots Langley, Sussex BD6 8VU', 'Russell_Cunningham@e'),
(5, 'American Space Research Group', '+91 7685086027', '45-48 Antill Road, Solihull, Somerset MK8 5PT', 'FosterBaylor@nowhere'),
(6, 'Domestic Business Group', '+91 7784839238', '12-18 Stamford Street, Brighton, Cheshire TQ57 9WQ', 'AdelleCheek@example.'),
(7, 'National Products Inc.', '+91 9782825747', '42-26 Abyssinia Close, Gloucester, West Midlands SY1 5FX', 'Cardenas@example.com'),
(8, 'Advanced Broadcasting Group', '+91 8390184999', '34-56 Macclesfield Street, Rotherham, Renfrewshire S9 9WS', 'NevadaMcnamara@examp'),
(9, 'Global Space Explore Inc.', '+91 6206460689', '37 A-E Putney Hill, Cowes, Dunbartonshire WA1 3ZA', 'KyraMontes8@nowhere.'),
(10, 'South Space Explore Group', '+91 8200371242', '14-27 Darwin Road, Aberlour, Sussex WN93 8AN', 'VincenzoAndersen@exa'),
(11, 'Flexible Y-Mobile Corporation', '+91 9610583536', '5-9 Bedford Way, Thornton-Cleveleys, Tyrone HG90 5AH', 'Easterling@example.c'),
(12, 'Domestic Space Explore Inc.', '+91 6288897903', '2 Henrietta Street, Bournemouth, Merseyside PO33 9SQ', 'Brock9@example.com'),
(13, 'First Space Explore Corporation', '+91 7248192938', '8 Sutherland Grove, Coventry, Moray CV9 5UA', 'gwrd24@example.com'),
(14, 'First Delivery Inc.', '+91 6729170564', '22-28 Hackney Road, Barrow-in-Furness, Kinross-shire PR9 7PV', 'Boynton@example.com'),
(15, 'United Space Explore Inc.', '+91 8584431906', '9 Abbey Road, Crianlarich, Renfrewshire WR9 1YR', 'Abel@nowhere.com'),
(16, 'Australian Media Group', '+91 6088047586', '2-7 Great Queen Street, Ongar, Rutland RM47 5FX', 'Champion@example.com'),
(17, 'Future Instruments Corporation', '+91 7131797692', '5-9 Leicester Street, West Bromwich, Norfolk PA1 3XZ', 'eqscddmq.kpgj@nowher'),
(18, 'Flexible Space Explore Group', '+91 6837142700', '5 Devons Road, Newmarket, West Midlands BB32 4WH', 'lhvgt946@example.com'),
(19, 'International High-Technologies Corp.', '+91 9130008759', '3 Woodcote Road, Willenhall, Cornwall MK9 8FZ', 'JericaHawk@example.c'),
(20, 'National High-Technologies Inc.', '+91 7579952333', '1-9 Abbey Street, Oxford, Armagh CA9 8PP', 'Jacquiline.Loftis571'),
(21, 'Creative Engineering Corporation', '+91 8105230236', '14-28 Preston Road, Helensburgh, Peeblesshire CO61 7FV', 'Donny_Bourque241@exa'),
(22, 'North Industry Co.', '+91 7657009858', '3-9 Apollo Court, Staines, County Durham BL48 9QB', 'David.Burrow@example'),
(23, 'United High-Technologies Group', '+91 8502669881', '1 Montague Avenue, Dumfries, Inverness-shire TN9 6DV', 'Cornell5@example.com'),
(24, 'City Renewable Power Inc.', '+91 9651206673', '4-6 North End Road, Bristol, Staffordshire SP84 1XA', 'CassaundraAcevedo@no'),
(25, 'Flexible High-Technologies Inc.', '+91 7337238474', '8A Heath Road, Wallingford, Moray PH76 4FD', 'Carrier@example.com'),
(26, 'Domestic Industry Inc.', '+91 9562883367', '419 Fountain Square, Castle Douglas, Aberdeenshire OL74 6PQ', 'LorrineIBarfield@exa'),
(27, 'City Space Research Inc.', '+91 6295940139', '55-37 Gillett Square, Tarporley, Middlesex BB65 8AX', 'Jacques.Griffiths43@'),
(28, 'Professional High-Technologies Corporation', '+91 8438798175', '4 Glengall Road, Chippenham, Shropshire DY7 3JE', 'Claude_Cagle@example'),
(29, 'WorldWide Goods Corporation', '+91 7709829583', '44-26 Britannia Walk, Blackpool, Ayrshire CH6 4WN', 'ShaunOsullivan@examp'),
(30, 'Advanced Space Research Corp.', '+91 9019481118', '211E Culverden Road, Aberfeldy, Worcestershire MK6 9BV', 'Luvenia_Andrus@examp'),
(31, 'Future 3G Wireless Corp.', '+91 7560085886', '15 A-D Windham Road, Walsall, Gwynedd SE6 6QX', 'ArthurCarvalho15@exa'),
(32, 'Beyond Partners Inc.', '+91 8976216081', '9 A-E Denman Street, Swindon, Cheshire TD55 3RJ', 'ForresterU74@example'),
(33, 'Federal Entertainment Corporation', '+91 6695940864', '5-7 Forty Hill, Northampton, Bedfordshire IP54 4QF', 'Rhoades249@example.c'),
(34, 'Domestic Space Research Inc.', '+91 9463335362', '55-16 Abbeville Road, Sheffield, Berkshire CT41 2FN', 'JaysonBostic@nowhere'),
(35, 'Beyond High-Technologies Co.', '+91 9991055830', '90 Brettenham Avenue, Leicester, Westmorland WR37 8RB', 'AbrahamDuvall@exampl'),
(36, 'WorldWide Research Inc.', '+91 8896423403', '41-38 Kingston Road, Manchester, Berkshire BA8 8DB', 'Vera@example.com'),
(37, 'Pacific High-Technologies Inc.', '+91 7901276626', '7A Lewsiham Way, Welshpool, Roxburghshire BL8 2AZ', 'Huntington@example.c'),
(38, 'WorldWide B-Mobile Corporation', '+91 6049885347', '4-8 Fitzroy Street, Cambridge, Dorset MK79 1ZB', 'Zella_Douglas@exampl'),
(39, 'Home Space Research Inc.', '+91 6648323139', '8 A-C Hainault Road, Preston, Middlesex SO6 2JD', 'wkgd8082@example.com'),
(40, 'Pacific 2G Wireless Co.', '+91 7465287652', '6 Elford Close, Plymouth, Argyll SO2 1FH', 'Trinidad594@example.'),
(41, 'First High-Technologies Co.', '+91 8358347191', '4 A-C Holland Park Avenue, Rotherhithe, Peeblesshire S49 2UU', 'Abel@example.com'),
(42, 'Creative Materials Inc.', '+91 7576033612', '53-39 Burnley Road, Aberdovey, Ross OX12 7AF', 'Fredericks831@exampl'),
(43, 'Federal Partners Corporation', '+91 9276340649', '4-8 Abbotsbury Road, Dudley, Cambridgeshire BB4 9BX', 'AnnikaAbrams@example'),
(44, 'Canadian Space Research Group', '+91 9898791142', '4 Fountain Square, Bristol, Hertfordshire IV20 6NP', 'Leon_Nettles@nowhere'),
(45, 'North Investment Corp.', '+91 9152531707', '4-7 Ada Street, Broadstone, Norfolk CV35 7ER', 'MurilloA622@example.'),
(46, 'Advanced I-Mobile Inc.', '+91 8723253628', '12-37 Torrens Street, Cambridge, Midlothian BL61 8DG', 'Day@nowhere.com'),
(47, 'Global K-Mobile Group', '+91 7557303783', '2 Jews Row, Bolton, Shetland LL1 3HF', 'Bloom@example.com'),
(48, 'General Instruments Co.', '+91 6378297126', '88 Great Dover Street, Muswell Hill, Berwickshire IV22 4TZ', 'MadgeOutlaw@example.'),
(49, 'Australian Space Research Group', '+91 8787920881', '3-7 Beachborough Road, Leicester, Clwyd PH7 7FA', 'NicholasAdams@exampl'),
(50, 'Beyond Broadcasting Inc.', '+91 9402301974', '9 A-E Bleak Street, Liverpool, Cornwall PL63 9GJ', 'Joe_Abernathy@exampl');

--
-- Inserting data into table Doctor
--
INSERT INTO Doctor(ID, qualification, license, bio, available, specialization) VALUES
(1, 'Paediatrics', 'VG88508545', 'Sed aut quis.\r\nBeatae suscipit consequatur. Eos vitae et. Eos omnis laborum! Aut ab et. Tempora vitae corrupti. Omnis unde qui! Distinctio adipisci cumque. Fugit quis ducimus!\r\nAsperiores cum voluptatem.', 0, 'Family Practice'),
(2, 'Tuberculosis and Respiratory d', 'MV67988583', 'Maiores voluptatem odit. Sint est beatae! Voluptas vel quo. Libero provident fugiat! Unde blanditiis fugiat. Fugit nihil dignissimos! Ratione voluptas minima; sed aut est.\r\nProvident ut quibusdam. Temporibus possimus dolorem.', 0, 'Endocrinology'),
(3, 'Bachelor of Medicine, Bachelor', 'SP04631043', 'Odit sed, velit voluptas iste eius natus et veritatis vitae commodi aspernatur enim. Fuga neque et. Ullam error dolores! Sed deleniti sit. Odio iusto sapiente! Rerum quis voluptates. Ut omnis sit.', 0, 'Family Practice'),
(4, 'Palliative Medicine', 'AU43835063', 'Sed est eos. Alias est aut.\r\nCommodi voluptas quasi. Sed sint esse. Mollitia ea tenetur? Quam ut sit. Molestiae voluptatem ex! Ducimus est ipsa. Corporis sed id! Facilis dignissimos quae.', 1, 'Orthopedic Surgery'),
(5, 'Obstetrics and Gynaecology', 'MH50132113', 'Autem est at; culpa eum non. Unde commodi iste? Rem quia sed. Eum nihil nobis! Consequatur natus distinctio. Est quia error. Quas et eaque. Sed deleniti est; unde delectus tempore.\r\n', 1, 'Chiropractor'),
(6, 'Biochemistry', 'UK63146980', 'Rerum deleniti et natus animi corporis. Soluta quisquam ipsum fugiat iste dolor unde explicabo libero et quam non sit a velit cum reiciendis dolore qui; voluptas quia enim. Dolore aut consequuntur! Aliquam debitis molestiae.', 0, 'Family Practice'),
(7, 'Bachelor of Medicine, Bachelor', 'VN09336507', 'Nisi ut nisi.\r\nUt modi aspernatur. Necessitatibus sint rerum. Excepturi assumenda obcaecati. Ducimus dolorum iusto. Sed eaque autem; mollitia sunt impedit. Ipsam cum iste. Et veritatis praesentium. Alias quia sed!\r\n', 0, 'Otolaryngology'),
(8, 'Dermatology, Venerology and Le', 'TJ17459860', 'Voluptatem porro incidunt. Libero fugiat ipsum. Sit distinctio iste. Vero est omnis. Et non in? Perspiciatis sit explicabo. Ullam perferendis beatae. Unde ea pariatur.\r\nSunt quisquam iste. Dolorem consectetur culpa.\r\n', 0, 'Dermatology'),
(9, 'Biochemistry', 'ZT32280402', 'Ea quod maxime...\r\nQuia rerum error. Natus autem rerum. Non nemo nobis. Enim obcaecati libero. Neque numquam in; inventore impedit inventore.\r\nQui nisi quasi; quas qui sed; obcaecati tenetur nobis.\r\n', 0, 'Cardiology'),
(10, 'Dermatology', 'MD13668520', 'Omnis dolores inventore.\r\nEt delectus labore. Nostrum enim dolor. Sit iste nihil! Id voluptates aut. Quia distinctio totam.\r\nAut totam accusantium. Tempore impedit inventore...\r\nExcepturi atque voluptate. Qui vero error.', 1, 'Cardiology'),
(11, 'Biochemistry', 'EU11297181', 'Error a voluptatem. Nisi non ut. Deserunt magnam et! Omnis harum pariatur; error sed qui. Nihil id qui? Et est officiis. Velit illo dicta.\r\nUt quis aut. Et excepturi sit.', 0, 'Anesthesiology'),
(12, 'Forensic Medicine', 'KZ44294515', 'Quaerat dolor voluptates. Nobis illum rerum. Et explicabo vel. Et omnis magnam! Et magnam qui. Architecto iste ut? Libero voluptatem corrupti! Molestiae dolor quis. Expedita perspiciatis sed.\r\nEt quod amet.\r\n', 0, 'Hematology'),
(13, 'Physiology', 'KM57568616', 'Ut maiores aut. Dolor sed dolores. Sit magnam enim!\r\nPerspiciatis aliquid illo. Quaerat unde ut. Sunt ea quasi; magnam tempora fugit. Aut alias voluptatem. Delectus et dolorem.\r\nNemo odit aut.', 0, 'Hematology'),
(14, 'Laryngology', 'VE79885001', 'Maiores enim quibusdam. Magni maxime sit. Error sit nihil; nesciunt ea voluptatem. Quo sint impedit? Laboriosam iste sit. Quibusdam eaque voluptate. Consequuntur enim dolores? Qui quidem ut.\r\nQuod aut qui;\r\n', 1, 'Cardiology'),
(15, 'Cardiology', 'HO56641352', 'Expedita totam omnis. Libero eaque aperiam!\r\nSuscipit omnis qui.\r\nAmet tenetur incidunt. Natus consectetur tenetur. Sit quas perspiciatis. Quo quia sed. Ipsa voluptatem in. Est eaque voluptatem. Nemo maiores recusandae!\r\n', 1, 'Oncology'),
(16, 'Neurology', 'HR10684963', 'Fuga tenetur aspernatur. Corporis rerum hic; dolor alias totam. Quos quibusdam voluptatem? Dolor quasi quia. Quisquam eos et! Impedit sed nam. Velit quisquam omnis. Rerum autem exercitationem.\r\nSapiente porro facere.', 1, 'Cardiology'),
(17, 'Cardiac-Anaesthesiology', 'NJ35726514', 'Dolorum culpa aut velit eius vero perspiciatis quos sed. Possimus error sint.\r\nArchitecto sit quae. Excepturi ad nam; sequi ea rerum. Dolorem odit impedit? Tenetur sit eum. Voluptas facere autem;', 1, 'Orthopedic Surgery'),
(18, 'Transfusion Medicine', 'QM98826790', 'Non unde sed. Aliquam natus perspiciatis? Modi eum autem...\r\nQuia dolorem eos. Aut eum expedita! Quis aut quod.\r\nError sit quia.\r\nAliquam ea fugiat. Illum aut illum? Est doloremque natus.', 1, 'Neurology'),
(19, 'Microbiology', 'BX35716855', 'Quasi optio eos. Quas error alias! Ut unde debitis. Odio sit earum.\r\nSaepe eos impedit. Sequi non dolores. Nisi non exercitationem. Consequuntur sed accusamus.\r\nMinima eum deserunt. Accusamus neque quam.', 1, 'Osteopathy D.O.'),
(20, 'Pathology', 'TG81447384', 'Officiis repudiandae qui. Quasi vitae perspiciatis. Voluptatem perspiciatis neque. Dolor facilis saepe? Voluptatibus non quam. Omnis rem velit? Et voluptas amet.\r\nAut omnis aut. Vero molestiae laudantium. Id omnis at.\r\n', 1, 'Hematology'),
(21, 'Transfusion Medicine', 'ZR48301587', 'Quas blanditiis omnis. Obcaecati nihil adipisci. Voluptatem officiis perspiciatis.\r\nDicta maiores quis. Sapiente nemo optio? Illum sunt nesciunt. Ut et modi...\r\nSimilique harum qui. Voluptates impedit facere. Eum non at.', 0, 'Neurology'),
(22, 'Pharmacology', 'PX29278758', 'Aspernatur aut est. Voluptatem ad at; ad sunt doloremque? Velit mollitia tempore. Unde non sed; ea ipsam officiis. Temporibus delectus inventore; culpa placeat alias.\r\nHic omnis ut. Sit voluptas sunt.\r\n', 1, 'Otorhinolaryngology'),
(23, 'Palliative Medicine', 'RX05425483', 'Sunt dolorem autem. Temporibus blanditiis nisi. Aut molestias dolores. Quia illum consequuntur. Rerum ut voluptatibus. Sit explicabo quidem...\r\nUt quia debitis. Omnis asperiores nisi; veritatis voluptatem iusto? Nemo vel voluptatibus.\r\n', 1, 'Family Medicine'),
(24, 'Bachelor of Dental Surgery', 'QX18714675', 'Molestias et sed. Eveniet nulla unde qui dolor et aut illum. Natus blanditiis, sed eaque repellat minus ullam tempora mollitia facilis qui iure deserunt. Non necessitatibus sunt. Voluptas aut rem.', 0, 'Orthopedic Surgery'),
(25, 'ENT', 'FW49582781', 'Commodi placeat maxime. Iste molestias possimus! Velit molestiae aut. Dolorum nihil sint; explicabo et nisi; et est maiores. Sed nostrum rerum. Temporibus architecto aspernatur! Consequatur sapiente perspiciatis? Temporibus voluptas...\r\n', 0, 'Dermatology'),
(26, 'Pathology', 'IA88188511', 'Sint dolores voluptatem. Deserunt esse nesciunt. Voluptas enim natus? Sed corrupti repudiandae! Numquam velit unde. Voluptas consequatur ut!\r\nConsequuntur saepe maxime. Ullam sint harum! Omnis minus molestiae. Quia sed illum.', 0, 'General Practice'),
(27, 'Bachelor of Medicine, Bachelor', 'WP21851838', 'Quia aliquid nulla. Sit quae aut. Odio quis nemo. Natus numquam ipsum.\r\nNon deleniti facilis. Debitis laboriosam error? Accusamus aut ut. Qui ut magni. Ab neque consequatur. Consectetur perferendis et.', 1, 'General Practice'),
(28, 'Radio-Therapy', 'YN95297320', 'Et iste dolor. Odit ducimus aspernatur. Perferendis veniam vel. Natus vitae dolores! Quae perspiciatis quaerat. Est tempora enim. Et ipsam laboriosam.\r\nVoluptatem sunt omnis. Vel error a? Autem distinctio est;\r\n', 0, 'Gastroenterology'),
(29, 'Biochemistry', 'MC37694303', 'Eaque veritatis sit et ratione enim vel aspernatur, soluta necessitatibus aut enim explicabo aperiam aut quaerat reiciendis quo; et quasi rem eius dolor eius quia fugit enim velit et voluptate ut dolorum ut quis et aliquam ut.\r\nNulla.', 1, 'Gastroenterology');

--
-- Inserting data into table Driver
--
INSERT INTO Driver(ID, experience, licenseNo, successRate) VALUES
(40, 21, 'LN16865292', 54),
(41, 9, 'HD77175554', 13),
(42, 0, 'VS33891242', 0),
(43, 10, 'RI76549790', 45),
(44, 46, 'VH70339236', 54),
(45, 19, 'PH64900878', 4),
(46, 12, 'GZ72455322', 93),
(47, 2, 'ZN43766515', 23),
(48, 7, 'HG60505824', 7),
(49, 15, 'AV59419291', 53);

--
-- Inserting data into table Nurse
--
INSERT INTO Nurse(ID, qualification, license) VALUES
(30, 'Advanced Diploma in Ophthalmic', 'VZ55085593'),
(31, 'Advanced Diploma in Ophthalmic', 'RI70996649'),
(32, 'Diploma in Neuro Nursing', 'CC29717864'),
(33, 'Advanced Diploma in Ophthalmic', 'JV30308957'),
(34, 'Diploma in Neuro Nursing', 'PV58267114'),
(35, 'Advanced Diploma in Ophthalmic', 'FG90265853'),
(36, 'Advanced Diploma in Ophthalmic', 'BZ71931039'),
(37, 'Diploma in Neuro Nursing', 'AX01516568'),
(38, 'Advanced Diploma in Ophthalmic', 'AR77354200'),
(39, 'Diploma in Emergency and Traum', 'RA60814409');

--
-- Inserting data into table Consultation
--
INSERT INTO Consultation(ID, problem, doctorID, patientID) VALUES
(1, 'Omnis et quis.\r\nNulla;', 2, 23),
(2, 'Non omnis et; deleniti quae?', 7, 22),
(3, 'Cumque qui recusandae;\r\n', 7, 17),
(4, 'Voluptatem vel enim. Vel.\r\n', 4, 12),
(5, 'Nobis impedit quisquam. A.\r\n', 2, 43),
(6, 'Culpa saepe facere.\r\n', 9, 47),
(7, 'Dolor sit sint. Repellat quia.', 3, 29),
(8, 'Ullam nihil ut. Saepe est;\r\n', 21, 38),
(9, 'Illum cumque veritatis.\r\n', 2, 4),
(10, 'Eum iste natus. Id.\r\n', 1, 24),
(11, 'Voluptatem suscipit harum.\r\n', 1, 30),
(12, 'Provident doloribus itaque.', 5, 45),
(13, NULL, 24, 10),
(14, 'Eos soluta autem;\r\n', 2, 18),
(15, 'Iste sit nesciunt nam.', 15, 50),
(16, 'Est architecto quas. Ut!\r\n', 8, 25),
(17, 'Neque natus deleniti...\r\nMagnam.', 11, 48),
(18, 'Qui error aspernatur. Earum.\r\n', 8, 46),
(19, 'Ab molestias hic. Repellendus.', 12, 49),
(20, 'Nam ut maxime.\r\nOdit quia.\r\n', 9, 44),
(21, 'Et eum quod. Et provident!\r\n', 6, 39),
(22, 'Cumque unde dolore. Odit;\r\n', 5, 34),
(23, 'Magnam consequuntur beatae.\r\n', 3, 5),
(24, 'Voluptas et veniam. Et ullam.', 2, 11),
(25, 'Et vitae esse facere sed eos.', 19, 31),
(26, 'Aut tempore maiores.\r\n', 1, 26),
(27, 'Aliquid facere aliquam at.', 13, 13),
(28, 'Sed et iure. Error eum placeat!', 10, 6),
(29, 'Ut sed rerum. Voluptatem ipsum.', 4, 1);

--
-- Inserting data into table Admin
--
INSERT INTO Admin(ID) VALUES
(50);

--
-- Inserting data into table Appointment
--
INSERT INTO Appointment(ID, startTime, endTime, remarks, invoiceId, prescriptionId, consultationId) VALUES
(1, '2019-12-10 03:10:12', '2019-12-12 16:40:44.709159', 'Molestias voluptatem dolores.\r\n', 48, 36, 3),
(2, '2019-11-12 03:31:17', '2019-11-12 14:20:37.402097', 'Ut voluptatem et. Ab corporis.', 44, 49, 16),
(3, '2018-01-01 01:19:23', '2018-01-04 15:09:58.909934', 'Doloribus temporibus eum;', 50, 27, 11),
(4, '2018-11-13 06:30:15', '2018-11-16 21:59:57.368688', 'Quaerat assumenda.\r\n', 39, 47, 11),
(5, '2020-06-19 17:15:44', '2020-06-21 10:40:18.64956', 'Tempore aut eos. Quo commodi.\r\n', 24, 11, 3),
(6, '2020-07-24 05:28:57', '2020-07-26 22:36:55.652047', 'Eveniet atque aut. Sapiente!\r\n', 30, 20, 16),
(7, '2018-07-31 11:11:14', '2018-08-01 08:02:32.079452', 'Quod totam quos. Qui.\r\n', 25, 45, 27),
(8, '2018-11-29 03:31:13', '2018-11-30 19:43:58.944333', 'Voluptatem deleniti ut.\r\n', 34, 42, 1),
(9, '2019-08-27 08:59:11', '2019-08-29 10:39:36.153682', 'Est ut autem. Accusamus...\r\n', 31, 37, 2),
(10, '2020-09-28 05:23:14', '2020-09-29 12:55:14.379121', 'Sit at est. Fugiat earum.\r\n', 40, 48, 3),
(11, '2018-01-01 00:00:07', '2018-01-04 14:02:02.464358', 'Impedit rem adipisci. Hic;', 46, 50, 4),
(12, '2018-04-15 19:19:02', '2018-04-16 08:23:00.393576', 'Sequi ut eum. Quam aut.', 6, 43, 29),
(13, '2019-07-01 22:21:10', '2019-07-02 14:12:17.484933', 'Harum et quod; consequatur.\r\n', 49, 38, 20),
(14, '2021-01-09 23:42:50', '2021-01-13 01:17:31.598846', 'Et sunt sed.\r\nDeserunt.\r\n', 1, 15, 16),
(15, '2021-03-06 09:01:03', '2021-03-08 02:45:03.250179', 'Rem vero esse. Eius laudantium.', 47, 46, 7),
(16, '2020-04-15 20:50:43', '2020-04-19 04:28:53.601548', 'In voluptatem molestiae.\r\n', 45, 21, 17),
(17, '2019-12-26 13:56:36', '2019-12-29 15:04:32.876794', 'Suscipit repellat eum. Id.\r\n', 16, 6, 8),
(18, '2018-01-01 01:00:32', '2018-01-02 04:32:58.92096', 'Placeat quia fuga. Itaque.\r\n', 22, 16, 10),
(19, '2019-10-29 14:04:06', '2019-11-02 12:27:13.845034', 'Ipsam architecto.\r\n', 7, 33, 10),
(20, '2020-01-05 18:53:12', '2020-01-08 18:27:42.668959', 'Unde laboriosam molestias.', 35, 28, 4),
(21, '2019-09-15 07:57:59', '2019-09-15 21:13:21.775115', 'Vel beatae unde.\r\nSed.\r\n', 41, 44, 12),
(22, '2018-08-09 15:08:25', '2018-08-13 10:28:52.392541', 'Perspiciatis ad nulla.\r\n', 26, 1, 25),
(23, '2018-12-19 17:35:45', '2018-12-23 00:43:05.407743', 'Et quisquam sunt. Sed.', 2, 7, 10),
(24, '2018-01-01 00:14:28', '2018-01-02 15:30:38.427714', 'Sed et est; aliquid.\r\n', 17, 23, 19),
(25, '2018-01-01 00:00:07', '2018-01-04 07:40:25.934442', NULL, 12, 29, 8),
(26, '2018-10-06 08:50:13', '2018-10-08 03:28:31.705619', NULL, 32, 22, 4),
(27, '2018-08-19 05:38:57', '2018-08-22 20:25:23.643542', 'Animi dolorum aut.\r\n', 18, 24, 2),
(28, '2018-10-10 12:03:55', '2018-10-12 02:54:01.974695', 'Provident sed velit.\r\n', 8, 39, 2),
(29, '2018-05-29 04:27:36', '2018-05-31 05:16:29.139198', 'Corrupti laborum;\r\n', 13, 2, 8),
(30, '2018-01-01 00:00:12', '2018-01-04 07:39:47.020849', 'Et voluptates quibusdam.\r\n', 27, 17, 2),
(31, '2020-09-05 13:45:44', '2020-09-06 20:25:07.554358', 'Deleniti vitae facere. Error.\r\n', 36, 12, 10),
(32, '2019-09-16 14:43:50', '2019-09-20 08:01:38.517454', 'Adipisci voluptate.\r\n', 3, 30, 7),
(33, '2019-01-02 06:58:08', '2019-01-02 22:35:24.842446', 'Enim voluptatum.\r\n', 33, 18, 15),
(34, '2020-06-22 07:35:41', '2020-06-25 14:14:09.385368', 'Quam est ut. Vero...\r\n', 28, 25, 20),
(35, '2018-07-13 10:05:13', '2018-07-16 06:03:55.154367', 'Obcaecati sed assumenda.\r\n', 23, 13, 23),
(36, '2018-01-01 00:14:57', '2018-01-01 16:08:29.746855', 'Dolores vero quam. Tenetur;\r\n', 42, 34, 22),
(37, '2018-09-26 13:41:43', '2018-09-28 17:16:04.158682', 'Dolore est qui;\r\n', 29, 19, 14),
(38, '2019-10-06 21:12:41', '2019-10-09 07:16:13.863707', 'Unde animi obcaecati.\r\n', 9, 40, 19),
(39, '2019-11-20 14:45:17', '2019-11-22 15:03:12.817139', 'Nihil id ut.\r\nPossimus.\r\n', 4, 14, 15),
(40, '2018-01-27 07:51:42', '2018-01-27 17:26:45.517251', 'Veniam veritatis.\r\n', 10, 35, 15),
(41, '2018-02-28 22:49:53', '2018-03-02 09:31:19.303532', 'Magni harum molestiae.\r\n', 37, 31, 21),
(42, '2018-01-01 00:01:02', '2018-01-03 20:36:05.566052', 'Consequatur facilis sed.\r\n', 43, 41, 19),
(43, '2019-06-21 20:22:15', '2019-06-23 18:13:57.862785', 'Nihil voluptatem.\r\n', 5, 8, 11),
(44, '2021-01-07 19:03:21', '2021-01-10 20:07:33.771703', 'Rem sit quis.\r\nAut fugit.', 19, 26, 23),
(45, '2018-03-24 11:12:12', '2018-03-28 06:20:05.681912', 'Non consequatur.\r\n', 14, 3, 16),
(46, '2019-03-02 03:44:59', '2019-03-05 12:50:42.011102', 'Rerum aut nesciunt. Eius!\r\n', 11, 9, 23),
(47, '2020-10-02 16:07:17', '2020-10-04 22:23:55.26105', 'Ad natus ut.', 38, 32, 24),
(48, '2018-08-28 09:17:48', '2018-08-30 22:55:38.666378', 'Tempora culpa cumque...\r\n', 20, 4, 14),
(49, '2018-02-02 05:51:53', '2018-02-02 18:45:39.930204', 'Unde quas culpa. Iste.\r\n', 15, 10, 11),
(50, '2019-03-25 08:54:38', '2019-03-27 02:29:28.699119', 'Vero temporibus quis.\r\n', 21, 5, 17);

--
-- Inserting data into table Assists
--
INSERT INTO Assists(nurseId, diagnosticsID) VALUES
(36, 11),
(38, 9),
(37, 9),
(33, 4),
(37, 10),
(39, 14),
(34, 9),
(37, 12),
(35, 10),
(32, 5),
(32, 4),
(38, 10),
(31, 6),
(33, 5),
(39, 11),
(38, 13),
(34, 6),
(36, 10),
(32, 7),
(30, 3),
(38, 11),
(37, 11),
(39, 10),
(35, 7),
(34, 5),
(30, 2),
(33, 6),
(39, 12),
(34, 7),
(31, 4),
(33, 8),
(35, 6),
(30, 4),
(38, 12),
(35, 8),
(31, 5),
(36, 8),
(31, 3),
(30, 1),
(33, 7),
(39, 13),
(36, 9),
(32, 6),
(36, 7),
(34, 8),
(30, 5),
(35, 9),
(31, 2),
(37, 8),
(32, 3);

--
-- Inserting data into table Contains
--
INSERT INTO Contains(diagnosticsID, prescriptionID) VALUES
(47, 47),
(9, 9),
(18, 18),
(4, 4),
(28, 28),
(50, 50),
(45, 45),
(48, 48),
(46, 46),
(23, 23),
(13, 13),
(19, 19),
(42, 42),
(14, 14),
(20, 20),
(49, 49),
(15, 15),
(37, 37),
(43, 43),
(21, 21),
(29, 29),
(38, 38),
(10, 10),
(16, 16),
(5, 5),
(11, 11),
(24, 24),
(30, 30),
(25, 25),
(22, 22),
(44, 44),
(6, 6),
(31, 31),
(39, 39),
(26, 26),
(32, 32),
(17, 17),
(12, 12),
(1, 1),
(34, 34),
(40, 40),
(27, 27),
(33, 33),
(7, 7),
(35, 35),
(41, 41),
(36, 36),
(2, 2),
(8, 8),
(3, 3);

--
-- Inserting data into table Drugs
--
INSERT INTO Drugs(prescriptionID, pharmacyID) VALUES
(47, 47),
(9, 9),
(18, 18),
(4, 4),
(28, 28),
(50, 50),
(45, 45),
(48, 48),
(46, 46),
(23, 23),
(13, 13),
(19, 19),
(42, 42),
(14, 14),
(20, 20),
(49, 49),
(15, 15),
(37, 37),
(43, 43),
(21, 21),
(29, 29),
(38, 38),
(10, 10),
(16, 16),
(5, 5),
(11, 11),
(24, 24),
(30, 30),
(25, 25),
(22, 22),
(44, 44),
(6, 6),
(31, 31),
(39, 39),
(26, 26),
(32, 32),
(17, 17),
(12, 12),
(1, 1),
(34, 34),
(40, 40),
(27, 27),
(33, 33),
(7, 7),
(35, 35),
(41, 41),
(36, 36),
(2, 2),
(8, 8),
(3, 3);

--
-- Inserting data into table Journey
--
INSERT INTO Journey(driverID, ambulanceId, address, startTime, endTime) VALUES
(46, 11, 'Suite 557 293 Anish Fall Madya Pradesh', '2018-02-16 14:10:01', '2018-02-18 15:02:30.208377'),
(48, 9, 'Suite 887 78067 Mangalya Lakes Karnataka', '2020-03-28 23:16:07', '2020-03-31 03:32:19.598061'),
(47, 9, 'Suite 955 7717 Aanandinii Court Manipur', '2020-03-15 09:33:48', '2020-03-16 07:56:51.803395'),
(43, 4, 'Suite 513 041 Sinha Mission Himachal Pradesh', '2018-01-01 00:01:11', '2018-01-01 01:49:14.033046'),
(47, 10, 'Apt. 455 827 Khatri Dam Meghalaya', '2020-12-21 22:56:22', '2020-12-23 13:40:01.676165'),
(49, 14, 'Apt. 649 556 Iyengar Estate Pondicherr', '2020-02-12 23:34:31', NULL),
(44, 9, 'Suite 378 8144 Naval Ferry Delhi', '2018-01-22 10:21:09', '2018-01-23 20:59:16.007127'),
(47, 12, 'Apt. 425 5995 Priyala Mall Punjab', '2019-12-17 20:18:31', NULL),
(45, 10, 'Apt. 455 827 Khatri Dam Meghalaya', '2019-07-29 17:41:45', '2019-07-30 13:23:35.651896'),
(42, 5, 'Apt. 332 403 Abhaidev Orchard Karnataka', '2018-01-01 02:26:29', '2018-01-02 02:54:20.707571'),
(42, 4, 'Suite 303 03461 Subodh Brook Uttar Pradesh', '2019-11-22 07:01:22', '2019-11-24 21:52:49.323662'),
(48, 10, 'Apt. 893 2712 Amaresh Mills Daman and Diu', '2019-02-10 10:35:53', '2019-02-12 21:35:50.014259'),
(41, 6, 'Suite 955 7717 Aanandinii Court Manipur', '2018-07-30 08:00:02', '2018-07-30 12:42:20.263363'),
(43, 5, 'Apt. 808 013 Tandon Parks Tamil Nadu', '2020-03-22 14:28:00', '2020-03-23 06:42:00.704213'),
(49, 11, 'Suite 378 8144 Naval Ferry Delhi', '2020-02-11 20:47:18', NULL),
(48, 13, 'Apt. 893 2712 Amaresh Mills Daman and Diu', '2020-11-25 13:28:50', '2020-11-26 03:46:00.471993'),
(44, 6, 'Apt. 332 403 Abhaidev Orchard Karnataka', '2018-10-21 13:12:18', '2018-10-23 16:49:19.088055'),
(46, 10, 'Apt. 581 865 Gajbaahu Well Maharashtra', '2018-09-29 04:03:36', '2018-09-30 03:59:20.046145'),
(42, 7, 'Apt. 425 5995 Priyala Mall Punjab', '2018-01-01 00:00:02', '2018-01-01 02:49:37.168389'),
(40, 3, 'Suite 513 041 Sinha Mission Himachal Pradesh', '2018-01-01 00:14:34', '2018-01-03 00:57:03.822381'),
(48, 11, 'Suite 183 240 Khanna Glens Tamil Nadu', '2018-01-01 00:00:13', '2018-01-03 07:44:44.680367'),
(47, 11, 'Apt. 708 392 Jagathi Shoal Rajasthan', '2019-10-08 08:20:32', '2019-10-10 04:57:43.126077'),
(49, 10, 'Suite 556 7050 Varma Ridge Telangana', '2020-10-20 08:14:57', '2020-10-21 23:35:40.043928'),
(45, 7, 'Suite 066 22270 Tapan Falls Goa', '2018-01-01 00:02:30', NULL),
(44, 5, 'Apt. 908 56804 Vasudha Drives Arunachal Pradesh', '2018-01-01 00:00:02', '2018-01-02 17:38:16.644066'),
(40, 2, 'Suite 066 22270 Tapan Falls Goa', '2018-12-07 19:21:23', '2018-12-08 04:09:48.051698'),
(43, 6, 'Apt. 455 827 Khatri Dam Meghalaya', '2018-01-01 01:14:06', '2018-01-03 06:23:27.70466'),
(49, 12, 'Apt. 636 55090 Dwivedi Throughway Chhattisgarh', '2018-12-05 06:59:19', '2018-12-06 13:01:46.853382'),
(44, 7, 'Suite 792 4237 Siddhran Curve Assam', '2018-08-08 14:36:22', '2018-08-10 01:31:50.235426'),
(41, 4, 'Suite 556 7050 Varma Ridge Telangana', '2020-08-27 15:09:03', '2020-08-29 17:47:01.641389'),
(43, 8, 'Suite 303 03461 Subodh Brook Uttar Pradesh', NULL, NULL),
(45, 6, 'Suite 887 78067 Mangalya Lakes Karnataka', '2018-01-01 01:36:59', '2018-01-03 05:38:02.774056'),
(40, 4, 'Apt. 636 55090 Dwivedi Throughway Chhattisgarh', '2018-01-01 02:40:28', '2018-01-03 23:55:03.818222'),
(48, 12, 'Apt. 584 56358 Subhashini Stream Manipur', '2020-03-23 20:19:17', '2020-03-25 01:48:10.689089'),
(45, 8, 'Apt. 581 865 Gajbaahu Well Maharashtra', '2021-01-04 18:45:01', '2021-01-05 01:59:37.621221'),
(41, 5, 'Apt. 454 554 Shukla Mount Delhi', NULL, NULL),
(46, 8, 'Suite 348 75387 Atreyee Mountain Maharashtra', '2018-01-01 01:16:14', '2018-01-01 04:18:55.006508'),
(41, 3, 'Suite 843 44392 Khatri Street Odisha', '2018-08-13 07:55:14', '2018-08-16 01:24:22.585983'),
(40, 1, 'Apt. 454 554 Shukla Mount Delhi', NULL, NULL),
(43, 7, 'Suite 635 346 Verma Ridges West Bengal', '2020-12-12 14:25:31', '2020-12-13 04:40:05.911172'),
(49, 13, 'Apt. 403 706 Nair Island Madya Pradesh', NULL, NULL),
(46, 9, 'Suite 049 28831 Gandhi Plains Andra Pradesh', '2020-08-15 20:55:58', '2020-08-17 00:17:24.902554'),
(42, 6, 'Apt. 868 574 Susheel Forge Meghalaya', '2019-10-10 12:20:21', '2019-10-12 15:37:42.053428'),
(46, 7, 'Suite 183 240 Khanna Glens Tamil Nadu', NULL, NULL),
(44, 8, 'Apt. 584 56358 Subhashini Stream Manipur', '2020-01-07 22:56:21', '2020-01-10 06:14:18.279634'),
(40, 5, 'Apt. 475 0161 Susheel Plains Andra Pradesh', '2018-02-21 06:54:11', '2018-02-22 00:50:11.478045'),
(45, 9, 'Suite 066 22270 Tapan Falls Goa', '2019-06-14 07:21:59', '2019-06-16 16:32:32.016461'),
(41, 2, 'Suite 313 4652 Kamla Knolls Gujarat', '2018-02-11 08:41:20', '2018-02-12 06:48:59.697337'),
(47, 8, 'Apt. 868 574 Susheel Forge Meghalaya', '2018-01-01 01:25:02', '2018-01-02 23:28:33.59965'),
(42, 3, 'Apt. 262 54352 Sher Wells Daman and Diu', '2018-12-06 15:29:11', '2018-12-07 17:41:00.127167');

--
-- Inserting data into table Supplies
--
INSERT INTO Supplies(drugID, vendorID, price, orderTime, supplyTime) VALUES
(47, 47, 90, '2019-02-22 19:50:50', '2019-02-27 00:20:34.463699'),
(9, 9, 108, '2018-08-04 05:35:41', '2018-08-08 21:01:17.589868'),
(18, 18, 5917561, '2019-07-22 20:13:28', '2019-07-24 16:56:40.694856'),
(4, 4, 5, '2018-01-01 00:00:59', '2018-01-04 02:43:48.031734'),
(28, 28, 1628117, '2020-12-15 06:39:14', '2020-12-20 07:01:49.915675'),
(50, 50, 5229872, '2021-01-15 03:52:44', '2021-01-21 16:44:41.888691'),
(45, 45, 196, '2019-08-15 13:14:27', '2019-08-19 04:31:50.957559'),
(48, 48, 7, '2018-08-09 02:48:25', '2018-08-14 04:59:22.563172'),
(46, 46, 5741678, '2019-10-22 04:21:14', '2019-10-28 17:21:15.60318'),
(23, 23, 6482734, '2018-01-13 13:33:34', '2018-01-16 11:19:28.279635'),
(13, 13, 8, '2019-01-22 16:43:00', '2019-01-28 22:09:52.566225'),
(19, 19, 2516, '2018-02-15 05:33:12', '2018-02-19 11:34:51.691767'),
(42, 42, 6763, '2018-07-20 21:04:19', '2018-07-23 09:11:01.924278'),
(14, 14, 4392192, '2018-01-01 00:00:41', '2018-01-03 09:23:28.727326'),
(20, 20, 3746044, '2018-01-01 00:00:08', '2018-01-02 16:01:37.490014'),
(49, 49, 7677768, '2019-02-27 04:17:28', '2019-03-02 11:16:36.034546'),
(15, 15, 8843971, '2018-01-01 00:26:02', '2018-01-04 10:56:20.262441'),
(37, 37, 6214933, '2018-01-01 00:00:01', '2018-01-06 05:32:04.964385'),
(43, 43, 8528436, '2021-02-20 00:10:54', '2021-02-22 01:56:49.414293'),
(21, 21, 2110265, '2019-01-18 08:52:33', '2019-01-24 18:36:18.56712'),
(29, 29, 1677639, '2019-10-03 16:25:56', '2019-10-04 18:44:18.952521'),
(38, 38, 192, '2021-01-17 08:17:10', '2021-01-21 13:37:54.339805'),
(10, 10, 9763175, '2021-02-27 03:23:05', '2021-03-02 04:05:05.313557'),
(16, 16, 8957844, '2019-01-08 13:48:52', '2019-01-13 12:37:03.071123'),
(5, 5, 8965770, '2019-05-14 01:49:01', '2019-05-18 21:18:08.165764'),
(11, 11, 1829453, '2019-01-21 05:17:55', '2019-01-26 08:18:12.587367'),
(24, 24, 5986209, '2021-03-10 16:58:15', '2021-03-15 18:29:49.428794'),
(30, 30, 7761955, '2021-01-20 19:08:06', '2021-01-24 14:55:39.63997'),
(25, 25, 1504813, '2018-05-30 00:59:11', '2018-06-02 16:36:20.814205'),
(22, 22, 611397, '2019-02-08 03:58:55', '2019-02-11 06:27:21.778087'),
(44, 44, 2979789, '2018-05-12 16:19:36', '2018-05-14 13:15:25.79177'),
(6, 6, 6666773, '2018-06-22 01:51:32', '2018-06-28 12:48:52.478699'),
(31, 31, 1340775, '2018-01-01 00:00:03', '2018-01-07 09:57:13.696159'),
(39, 39, 32078, '2018-08-03 12:55:23', '2018-08-09 13:20:29.645824'),
(26, 26, 8937575, '2020-01-10 21:35:59', '2020-01-14 02:00:50.645071'),
(32, 32, 1, '2018-01-01 00:00:08', '2018-01-04 21:37:20.156315'),
(17, 17, 0, '2020-11-04 14:23:06', '2020-11-06 15:52:41.905886'),
(12, 12, 7517899, '2020-09-14 21:38:09', '2020-09-19 13:56:35.195097'),
(1, 1, 7609082, '2018-01-01 00:01:12', '2018-01-02 19:44:06.278575'),
(34, 34, 9, '2021-01-01 22:30:38', '2021-01-05 02:11:19.376611'),
(40, 40, 7585617, '2019-08-23 03:25:57', '2019-08-28 04:52:02.820146'),
(27, 27, 9898847, '2019-09-09 00:08:10', '2019-09-11 11:26:34.533814'),
(33, 33, 2936896, '2018-01-01 00:00:03', '2018-01-02 23:37:16.734503'),
(7, 7, 7996574, '2018-01-01 00:01:04', '2018-01-07 14:08:35.548715'),
(35, 35, 5090815, '2020-02-22 01:04:26', '2020-02-27 13:33:42.300645'),
(41, 41, 1096250, '2018-01-01 00:01:36', '2018-01-03 14:58:37.900718'),
(36, 36, 4830323, '2018-12-15 06:22:28', '2018-12-16 23:19:40.731112'),
(2, 2, 8500503, '2020-06-01 01:30:41', '2020-06-05 21:43:31.011339'),
(8, 8, 4302905, '2019-06-18 08:24:04', '2019-06-24 07:22:00.430873'),
(3, 3, 5, '2018-01-01 00:01:01', '2018-01-03 05:12:05.087867');
